-- Centros (se asigna un id)
INSERT INTO Centro (id, nombre, correo, telefono, movil, direccion, localidad, provincia, cp) VALUES
-- Farmacias (id 1 a 30)
(1, 'Farmacia Central', 'central@farmacia.com', '958000001', '612000001', 'Calle Mayor, 1', 'Granada', 'Granada', '18001'),
(2, 'Farmacia del Parque', 'parque@farmacia.com', '958000002', '612000002', 'Avenida del Parque, 2', 'Granada', 'Granada', '18002'),
(3, 'Farmacia San José', 'sanjose@farmacia.com', '958000003', '612000003', 'Calle San José, 3', 'Armilla', 'Granada', '18100'),
(4, 'Farmacia Virgen Blanca', 'virgenblanca@farmacia.com', '958000004', '612000004', 'Calle Virgen Blanca, 4', 'Armilla', 'Granada', '18100'),
(5, 'Farmacia Europa', 'europa@farmacia.com', '958000005', '612000005', 'Avenida Europa, 5', 'Armilla', 'Granada', '18100'),
(6, 'Farmacia La Salud', 'lasalud@farmacia.com', '958000006', '612000006', 'Calle La Salud, 6', 'Armilla', 'Granada', '18100'),
(7, 'Farmacia El Pilar', 'elpilar@farmacia.com', '958000007', '612000007', 'Calle El Pilar, 7', 'Armilla', 'Granada', '18100'),
(8, 'Farmacia San Miguel', 'sanmiguel@farmacia.com', '958000008', '612000008', 'Avenida San Miguel, 8', 'Armilla', 'Granada', '18100'),
(9, 'Farmacia La Estrella', 'laestrella@farmacia.com', '958000009', '612000009', 'Calle La Estrella, 9', 'Armilla', 'Granada', '18100'),
(10, 'Farmacia del Sol', 'delsol@farmacia.com', '958000010', '612000010', 'Calle del Sol, 10', 'Armilla', 'Granada', '18100'),
(11, 'Farmacia Luna Nueva', 'lunanueva@farmacia.com', '958000011', '612000011', 'Calle Luna Nueva, 11', 'Granada', 'Granada', '18003'),
(12, 'Farmacia Estrella del Alba', 'estrellaalba@farmacia.com', '958000012', '612000012', 'Avenida Estrella del Alba, 12', 'Granada', 'Granada', '18004'),
(13, 'Farmacia Los Ángeles', 'losangeles@farmacia.com', '958000013', '612000013', 'Calle Los Ángeles, 13', 'Granada', 'Granada', '18005'),
(14, 'Farmacia San Rafael', 'sanrafael@farmacia.com', '958000014', '612000014', 'Calle San Rafael, 14', 'Granada', 'Granada', '18006'),
(15, 'Farmacia La Esperanza', 'laesperanza@farmacia.com', '958000015', '612000015', 'Avenida La Esperanza, 15', 'Granada', 'Granada', '18007'),
(16, 'Farmacia Los Pinos', 'lospinos@farmacia.com', '958000016', '612000016', 'Calle Los Pinos, 16', 'Granada', 'Granada', '18008'),
(17, 'Farmacia El Carmen', 'elcarmen@farmacia.com', '958000017', '612000017', 'Calle El Carmen, 17', 'Granada', 'Granada', '18009'),
(18, 'Farmacia San Antonio', 'sanantonio@farmacia.com', '958000018', '612000018', 'Avenida San Antonio, 18', 'Granada', 'Granada', '18010'),
(19, 'Farmacia La Merced', 'lamerced@farmacia.com', '958000019', '612000019', 'Calle La Merced, 19', 'Granada', 'Granada', '18011'),
(20, 'Farmacia Los Álamos', 'losalamos@farmacia.com', '958000020', '612000020', 'Calle Los Álamos, 20', 'Granada', 'Granada', '18012'),
(21, 'Farmacia San Francisco', 'sanfrancisco@farmacia.com', '958000021', '612000021', 'Avenida San Francisco, 21', 'Granada', 'Granada', '18013'),
(22, 'Farmacia La Luz', 'laluz@farmacia.com', '958000022', '612000022', 'Calle La Luz, 22', 'Granada', 'Granada', '18014'),
(23, 'Farmacia El Sol', 'elsol@farmacia.com', '958000023', '612000023', 'Calle El Sol, 23', 'Granada', 'Granada', '18015'),
(24, 'Farmacia Las Flores', 'lasflores@farmacia.com', '958000024', '612000025', 'Avenida Las Flores, 24', 'Granada', 'Granada', '18016'),
(25, 'Farmacia San Pedro', 'sanpedro@farmacia.com', '958000025', '612000025', 'Calle San Pedro, 25', 'Granada', 'Granada', '18017'),
(26, 'Farmacia La Paz', 'lapaz@farmacia.com', '958000026', '612000026', 'Calle La Paz, 26', 'Granada', 'Granada', '18018'),
(27, 'Farmacia Los Robles', 'losrobles@farmacia.com', '958000027', '612000027', 'Avenida Los Robles, 27', 'Granada', 'Granada', '18019'),
(28, 'Farmacia Santa María', 'santamaria@farmacia.com', '958000028', '612000028', 'Calle Santa María, 28', 'Granada', 'Granada', '18020'),
(29, 'Farmacia El Bosque', 'elbosque@farmacia.com', '958000029', '612000029', 'Calle El Bosque, 29', 'Granada', 'Granada', '18021'),
(30, 'Farmacia del Valle', 'delvalle@farmacia.com', '958000030', '612000030', 'Avenida del Valle, 30', 'Granada', 'Granada', '18030'),
-- Farmacias Hospitalarias (id 31 a 50)
(31, 'Farmacia Hospitalaria General', 'hospitalaria_general@farmacia.com', '958000031', '612000031', 'Calle Hospital, 31', 'Granada', 'Granada', '18031'),
(32, 'Farmacia Hospitalaria Virgen de las Nieves', 'virgendelasnieves@farmacia.com', '958000032', '612000032', 'Avenida de las Nieves, 32', 'Granada', 'Granada', '18032'),
(33, 'Farmacia Hospitalaria San Juan de Dios', 'sanjuandedios@farmacia.com', '958000033', '612000033', 'Calle San Juan de Dios, 33', 'Granada', 'Granada', '18033'),
(34, 'Farmacia Hospitalaria Clínico', 'clinico@farmacia.com', '958000034', '612000034', 'Calle Clínico, 34', 'Granada', 'Granada', '18034'),
(35, 'Farmacia Hospitalaria Virgen de la Salud', 'virgendelasalud@farmacia.com', '958000035', '612000035', 'Calle Virgen de la Salud, 35', 'Granada', 'Granada', '18035'),
(36, 'Farmacia Hospitalaria Santa Ana', 'santaana@farmacia.com', '958000036', '612000036', 'Avenida Santa Ana, 36', 'Granada', 'Granada', '18036'),
(37, 'Farmacia Hospitalaria San Cecilio', 'sancecilio@farmacia.com', '958000037', '612000037', 'Calle San Cecilio, 37', 'Granada', 'Granada', '18037'),
(38, 'Farmacia Hospitalaria Virgen de las Angustias', 'virgendelasangustias@farmacia.com', '958000038', '612000038', 'Calle Virgen de las Angustias, 38', 'Granada', 'Granada', '18038'),
(39, 'Farmacia Hospitalaria La Inmaculada', 'lainmaculada@farmacia.com', '958000039', '612000039', 'Calle La Inmaculada, 39', 'Granada', 'Granada', '18039'),
(40, 'Farmacia Hospitalaria El Serrallo', 'elserrallo@farmacia.com', '958000040', '612000040', 'Calle El Serrallo, 40', 'Granada', 'Granada', '18040'),
(41, 'Farmacia Hospitalaria El Pilar de Salud', 'elpilardesalud@farmacia.com', '958000041', '612000041', 'Avenida El Pilar de Salud, 41', 'Granada', 'Granada', '18041'),
(42, 'Farmacia Hospitalaria Santa Isabel', 'santaisabel@farmacia.com', '958000042', '612000042', 'Calle Santa Isabel, 42', 'Granada', 'Granada', '18042'),
(43, 'Farmacia Hospitalaria San Martín', 'sanmartin@farmacia.com', '958000043', '612000043', 'Calle San Martín, 43', 'Granada', 'Granada', '18043'),
(44, 'Farmacia Hospitalaria La Concordia', 'laconcordia@farmacia.com', '958000044', '612000044', 'Avenida La Concordia, 44', 'Granada', 'Granada', '18044'),
(45, 'Farmacia Hospitalaria Nuestra Señora', 'nuestrasenora@farmacia.com', '958000045', '612000045', 'Calle Nuestra Señora, 45', 'Granada', 'Granada', '18045'),
(46, 'Farmacia Hospitalaria San Vicente', 'sanvicente@farmacia.com', '958000046', '612000046', 'Avenida San Vicente, 46', 'Granada', 'Granada', '18046'),
(47, 'Farmacia Hospitalaria San Andrés', 'sanandres@farmacia.com', '958000047', '612000047', 'Calle San Andrés, 47', 'Granada', 'Granada', '18047'),
(48, 'Farmacia Hospitalaria Santa Teresa', 'santateresa@farmacia.com', '958000048', '612000048', 'Calle Santa Teresa, 48', 'Granada', 'Granada', '18048'),
(49, 'Farmacia Hospitalaria El Escorial', 'elescorial@farmacia.com', '958000049', '612000049', 'Avenida El Escorial, 49', 'Granada', 'Granada', '18049'),
(50, 'Farmacia Hospitalaria San Roque', 'sanroque@farmacia.com', '958000050', '612000050', 'Calle San Roque, 50', 'Granada', 'Granada', '18050');

-- Insertar en tabla Farmacia (los centros 1 a 30)
INSERT INTO Farmacia (id) VALUES
(1),(2),(3),(4),(5),(6),(7),(8),(9),(10),
(11),(12),(13),(14),(15),(16),(17),(18),(19),(20),
(21),(22),(23),(24),(25),(26),(27),(28),(29),(30);

-- Insertar en tabla Farmacia_hospitalaria (los centros 31 a 50)
INSERT INTO Farmacia_hospitalaria (id) VALUES
(31),(32),(33),(34),(35),(36),(37),(38),(39),(40),
(41),(42),(43),(44),(45),(46),(47),(48),(49),(50);

INSERT INTO Persona (id, nombre) VALUES
(1, 'Antonio García López'),
(2, 'Manuel Rodríguez Pérez'),
(3, 'José González Sánchez'),
(4, 'María Carmen Fernández Martínez'),
(5, 'Luis Martínez García'),
(6, 'Ana María López Ruiz'),
(7, 'Carlos Sánchez Martín'),
(8, 'Laura Pérez Gómez'),
(9, 'José Antonio Ruiz Díaz'),
(10, 'Pilar Fernández Romero'),
(11, 'David Gómez Torres'),
(12, 'Marta Jiménez Álvarez'),
(13, 'Francisco Díaz Moreno'),
(14, 'Rosa Sánchez Vargas'),
(15, 'Jorge Ruiz Castro'),
(16, 'Isabel Romero Hernández'),
(17, 'Sergio Morales Navarro'),
(18, 'Elena Delgado Cruz'),
(19, 'Ricardo Ortega Silva'),
(20, 'Patricia Vega Ríos');

INSERT INTO Tutoriza (id_persona, id_centro) VALUES
(1, 1),
(2, 2),
(3, 3),
(4, 4),
(5, 5),
(6, 6),
(7, 7),
(8, 8),
(9, 9),
(10, 10),
(11, 11),
(12, 12),
(13, 13),
(14, 14),
(15, 15),
(16, 16),
(17, 17),
(18, 18),
(19, 19),
(20, 20),
(11, 1),
(12, 1),
(13, 5),
(14, 10),
(16, 20),
(17, 20),
(18, 25),
(19, 30),
(1, 32),       
(20, 31),      
(2, 33),       
(3, 34),       
(4, 35),       
(5, 36),       
(6, 37),       
(7, 38),       
(8, 39),       
(9, 40),       
(10, 41),      
(11, 42),      
(12, 43),      
(13, 44),      
(14, 45),      
(15, 46),      
(16, 47),      
(17, 48),      
(18, 49),      
(19, 50);      

